ch1,ch2,ch3,ch4
0.07417899856512623,0.09094388696428075,0.10940413919878957,0.05410346803954669
0.07538245681139528,0.09341888819652586,0.10981733168262023,0.05610085870694182
0.07622977446919937,0.0937178978891739,0.10986104971344769,0.0561452192491155
0.07872367646602974,0.09294709910708282,0.11066653439923697,0.05680743024340544
0.07847429073677968,0.09534796855424806,0.1075055998723148,0.05684094146786386
0.07831464139380723,0.09240471945595839,0.11051722747318345,0.055565926760892545
0.07863244325857172,0.09391848531980074,0.10738791213109136,0.05627907668624504
0.07777288022464836,0.09324051612714428,0.10623263552958902,0.05550468422307369
0.07902942984262255,0.09585924383650357,0.11058641872246056,0.05585509861253156
0.07571755989830314,0.09474187125009063,0.10977074854590418,0.0554596132439803
0.07924111648011797,0.09514610526793123,0.10602371468766728,0.05552349455199686
0.077638908086269,0.09332906725625129,0.10460412281437871,0.05477416302917713
0.07740458087623109,0.09438051851622041,0.10442234914975398,0.054689831646722725
0.07986468720103242,0.09484019788447104,0.10489408069125015,0.0562540167836651
0.07921698007145074,0.09478245161824854,0.10366273438415563,0.05563200491356684
0.07866177721938719,0.09463108158296883,0.10472389176238331,0.056322874235157555
0.07845338360094803,0.09569390236174272,0.10870793053018833,0.05617960656109453
0.07762277416041877,0.09294257404608772,0.10421540638377022,0.054829943062618625
0.07782555832949016,0.09496679775469556,0.10522980038312282,0.055626265347265356
0.07893316063389487,0.09547548411192398,0.10676083037492612,0.054763918928490224
0.07902854786058722,0.09566555793288081,0.10561785917984882,0.05534701342015891
0.07936328499916932,0.09608866576997063,0.10640429169453469,0.0552470092516328
0.07948672040475141,0.0943347873247689,0.10652850378720535,0.05475291177331348
0.07975294340914242,0.09627197243113517,0.10519049149972219,0.05664761120708225
0.07938138784581765,0.09674150883281694,0.10800230439164828,0.056104046321739355
0.07759187944533484,0.09475114455525722,0.10659309792566603,0.05549978093284468
0.07774099563514575,0.09624643586136385,0.10562862258026053,0.05521808370070556
0.07751394405806931,0.09513670186114098,0.10745514484796377,0.05549451030352574
0.07827954401833694,0.0946834910454959,0.10655456096709622,0.05516388093459003
0.07886118143611597,0.09587704859488336,0.10490864841241045,0.05524736189261664
0.07858236746600665,0.09492215432057668,0.10487340000828081,0.054434866469019655
0.08023091764702917,0.09489323050308963,0.10490426159867149,0.056809131672700734
0.07742107025313345,0.09549172595865309,0.1042516798144789,0.0553916731212542
0.07901612461528817,0.09626068173276278,0.10672920611294735,0.055981837787887734
0.07823475415576188,0.09785277450596701,0.10813122588650677,0.0555853180965138
0.07812870584960674,0.09525619930408402,0.10287416843527825,0.05562761229821032
0.07686189103169887,0.09595532942020796,0.1062854164318593,0.0556401467263915
0.07986518700725069,0.09652050689855046,0.10492086955028299,0.05646707809160241
0.07742917473155306,0.09548428550969461,0.10745294982354486,0.056101400940618225
0.0784612560514543,0.09679553772280453,0.1068019414032348,0.05663766457780657
0.0785959604559929,0.09723323431558137,0.10717779907814107,0.0563313886017101
0.07866142681365101,0.09511981727627464,0.1052633059248034,0.05577357396414879
0.07762854039078106,0.09504406769855496,0.10299200728431855,0.05507993835667393
0.07820874324224403,0.09458627272644403,0.10185255408401647,0.055519513742917456
0.07808856431612202,0.09683363683481196,0.10702843632250555,0.05538090932069913
0.07648226248359404,0.09473453349195055,0.10497783178374197,0.055835726200278796
0.07891327536794347,0.09578614613301667,0.10704842790984252,0.05600931972881276
0.07732266473953077,0.09449837005662783,0.1065838058337927,0.05572195158707092
0.07824754763529333,0.09602726841526252,0.10460732050820463,0.05622907119333935
0.0769698265505305,0.09471815381493336,0.10272164250947192,0.05521778304543859
0.07847964256337436,0.09655180007465552,0.10489837995501884,0.056001716805435975
0.07853956351488958,0.0961099844010106,0.10347393028220624,0.056238176274690174
0.07938090836770041,0.09549046551308801,0.10423558358241021,0.05526933697245698
0.07691333012919477,0.09580923148575311,0.10317487714282726,0.05730723675737319
0.07662792325938943,0.09407310493581907,0.10526469334046673,0.05508184207315397
0.07833920727505721,0.09632820331505333,0.10513800152767967,0.05642163657869869
0.07738031364276786,0.09575426592773492,0.10447311397181933,0.055213429992733654
0.07742347280137335,0.09501210500592149,0.10305813220353478,0.05433049858202918
0.07599751100981861,0.09407815562198472,0.10219023983330061,0.05411561290927855
0.07812885896719358,0.09716200454371618,0.10547439244166093,0.054244776714272226
0.0786632849704597,0.09569291756789658,0.10591002870213709,0.05593206371977638
0.07712632634090483,0.09561720582002031,0.10459687962153794,0.054547167716201134
0.07930147000233508,0.09522501953637566,0.10423843189339405,0.05677704218723664
0.0769426198413264,0.0960258365196413,0.1021657598242618,0.055602065584523255
0.0771994016001541,0.09451992752440487,0.10593771847322606,0.0551513396362398
0.07699636792620886,0.09572027040295919,0.10207879563150285,0.055701137762588615
0.0774460721521555,0.09550188101468866,0.10481296725820116,0.055324842814253664
0.07664165646604576,0.09583315732547243,0.10463893183078418,0.05503973396059546
0.07695564843578329,0.09564606079349268,0.10402389181509879,0.05443408158756102
0.0773247059887718,0.09598725018076945,0.10383587772033867,0.05588791360141073
0.07577292447823547,0.09416002860199292,0.10348127354555207,0.05540936609962706
0.07668913124793174,0.0964824096459751,0.1060660836994,0.05579782973140062
0.07740031675131004,0.0959002057499911,0.10387668470354644,0.0568191935172713
0.07795509180220767,0.0979049862270814,0.10422949719699073,0.05570496578304869
0.07882041185009597,0.09693822357281531,0.10619415559078864,0.056413775034754365
0.07756062271096396,0.09489379780221742,0.10220089146772095,0.056215295283651455
0.07689052656973988,0.09670710046966562,0.10418745828958373,0.0556455474690024
0.07824627430976747,0.09559822260908216,0.10377113842452475,0.05519700778093637
0.07672532972039367,0.09450450577262506,0.09953857263094669,0.05522377771395217
0.07738254866499697,0.09595587975405676,0.1057414015139795,0.05620466054685768
0.07699061808712475,0.09424114420845467,0.1056128263602337,0.054556792459927714
0.07482262488921716,0.09448214633761502,0.10245075608249556,0.055754784513024076
0.07733855853789072,0.0954862189929946,0.1034476500873449,0.0555373119405155
0.0767939753394594,0.09368308262809848,0.10128302702081923,0.05609135440567022
0.077721765308917,0.09635350841554434,0.10105856734192864,0.054886532903259844
0.0773589786144157,0.09491967847252815,0.1019406932075735,0.05616129290100522
0.07689176995692955,0.0939470938630488,0.10363333401913631,0.054951646891551395
0.07492218065631082,0.093893104061131,0.10175417873790246,0.05583270604630519
0.07763068115281484,0.09586104343495067,0.10566284455166822,0.05661472683782794
0.07778453061583003,0.09530793073063883,0.10530207408517947,0.05539745241773308
0.0785893111942354,0.09548303902886365,0.10338539402287746,0.05485031433293592
0.07599053317889341,0.09467675011172885,0.10455251371918324,0.055611718042097476
0.07671097179256287,0.09500798100727184,0.10487199926800647,0.055003622483688515
0.07504429291050385,0.09449653210609438,0.10290877805883471,0.05551554144378739
0.07824627774193958,0.09567113776663524,0.10565779770014018,0.05531625163830699
0.07745035456261644,0.09563400335474956,0.10208588363098373,0.055382267088053556
0.07831602988602891,0.09562300140885299,0.10310756836574546,0.05605890674451852
0.07656014919860397,0.0962074667588553,0.10198969291520345,0.056019586679989665
0.0776802038005823,0.0949029124577784,0.10168318334607068,0.05639963084431493
0.07571563009461785,0.09529101320305931,0.10336238941182559,0.055872414125006716
0.07794620572117751,0.09486180043431931,0.10258438813705098,0.055365692996091904
0.07659392690463046,0.09515260563628829,0.10230512391325397,0.05578201198709244
0.07639991985536536,0.09551578551843211,0.10417701680350673,0.05527658791816839
0.07663180186215528,0.09610698816333871,0.10123237139165576,0.0555554353460071
0.07728281753869194,0.09580634076949512,0.10167501123755163,0.055866233844643357
0.0776406155665118,0.09660048656143638,0.10271358511125123,0.05617388774210398
0.0768205504579097,0.0946447224430825,0.10258394761654355,0.05530566562650363
0.07606189688801565,0.09551085661048565,0.1047031089109822,0.054973109992664825
0.07604057915175538,0.09500819480485947,0.10239258758419723,0.055161076718693816
0.07735977517064747,0.09458604403696404,0.10367835958431128,0.056872699987834674
0.07650372776099296,0.0955275974522546,0.10322528480865589,0.055590563427505395
0.07627544849405181,0.0933164093077619,0.10318267350349149,0.05477442377606541
0.07797731008871667,0.09652016492074662,0.10516777077491765,0.056624871947288984
0.0760653325402126,0.09496543496394161,0.10219368291692496,0.055369776136218934
0.07680503453601284,0.09611660500565186,0.10160464438088264,0.0547468329920211
0.07551238321978224,0.0940717637153446,0.10373754066754234,0.05564652366233784
0.07894839654107137,0.09537669789814032,0.10380714187895804,0.056143529009222204
0.07721538210988145,0.09530873020208787,0.10448579215242018,0.05524544752878965
0.07775822278664489,0.09702652866935414,0.10288462729292032,0.0565066277051584
0.07727334295376381,0.09528412051882976,0.10402577688178721,0.05557835957217859
0.07669008183816046,0.0960122301576406,0.10138993272032115,0.0556877507710403
0.07812782526141454,0.0959725775653194,0.104486888942764,0.054599951350710926
0.07781836762515486,0.09466636495766,0.10552136627353902,0.05572083475488545
0.07918462868462461,0.09617966687565778,0.1023195240888347,0.055697047354275206
0.07639264641168841,0.09382379959846943,0.10248658806117938,0.05455709854778868
0.07713871940374692,0.0969744142117845,0.10336590894880429,0.05498807976294158
0.07619743481420897,0.09470764353599252,0.10166782591445474,0.05401776237816362
0.07634856558440947,0.0946982734176355,0.1022864579620483,0.05547390116926607
0.076352099612482,0.09508725639182676,0.10461731602607668,0.05575763330589813
0.0749701125345127,0.0942338454428828,0.10142742243340493,0.055087321483997115
0.07599478131496513,0.09625249185086067,0.10460119973656194,0.05510691800590353
0.07637512818370995,0.09520744774159608,0.10565800912651216,0.0553371484628545
0.0761586642390206,0.09425926264166297,0.10217507402470098,0.054875149042365935
0.07675040716504376,0.09500282505051165,0.10593586397151168,0.05482591902088259
0.07775600390052285,0.09593354913485362,0.10356373316065752,0.05550670708346875
0.07829207447616425,0.09507793729439155,0.1046448014602553,0.05489470923105887
0.0777104419815558,0.09657091412572485,0.10468037032624897,0.05597732564465834
0.0764751437227932,0.09609366412597789,0.10254623457060419,0.05553490465253025
0.07780436422076126,0.09666202319688755,0.10351844713134165,0.05620596540292676
0.07521345503538163,0.0951660652778539,0.10022655634938402,0.053680004387981844
0.0767870829209941,0.09511548798533023,0.10037624483583628,0.05532723276603372
0.0774211301679611,0.09544300798611441,0.10390878897273921,0.05526149926287967
0.07658231248752874,0.09500000000000001,0.10404080549949801,0.055765287894750215
0.07677764732593889,0.09611532633784921,0.1044486091955782,0.05497367400842311
0.07591135480982077,0.09461161847051014,0.10321463386812574,0.05557025220104278
0.07588479877779788,0.09652748783741927,0.10802627537722015,0.05481599012548711
0.0760569816198684,0.09558710850580218,0.10296203601024506,0.05516893489050813
0.07562556107746408,0.09549851699396633,0.10203466495050835,0.056758812039546996
0.07621096753266964,0.0941355405784659,0.10170933688204035,0.05505207362622116
0.07680135350624119,0.09579958812011864,0.10260619260901727,0.05491766697961937
0.0751580064113889,0.09452217983345894,0.10095040455435282,0.05509826626412577
0.07893970887150997,0.09493181403726703,0.10437411068109155,0.055997613910521896
0.07692398274331452,0.09592588437418104,0.10291636423496388,0.05503287902188563
0.07649164163641917,0.09518267746729837,0.10465837561293172,0.0564238952663785
0.07650745183017714,0.09510318871576415,0.10170665466681925,0.05510187298313915
0.07739848852135696,0.09452516044435604,0.10077308881684385,0.05473563595821281
0.0784800631530072,0.09692432590001272,0.1053800759175596,0.05615538570564715
0.07904600278724172,0.09576566120084158,0.10061651531581124,0.055343660008396627
0.076684854401187,0.09408924687206889,0.1026953497646376,0.05469313542392683
0.07731124506358211,0.09481113318889561,0.10340249643761629,0.05505879137624163
0.07651273988842887,0.09443133692042131,0.10122243500161537,0.05585318060059897
0.07853164575357902,0.09606610145940854,0.10232275977498237,0.05557275592565007
0.07695335881944174,0.09450489921989495,0.10002340399954528,0.0555062263364154
0.07736240147584209,0.09587885651671658,0.10394486805851996,0.05514142284772741
0.07617467014102358,0.09489189186952764,0.09933450236133969,0.05465509218327694
0.07762221305131911,0.0950941974911423,0.10153087608618437,0.05391578946390032
0.0772534147328817,0.09588958366715009,0.10304465454393122,0.05518866522693994
0.07768636614216809,0.09575830832508087,0.10352678312503846,0.05521167054575622
0.07781753999741961,0.09560314292689336,0.10103234828702451,0.05573599661223772
0.07728229123843638,0.09652805792512803,0.10227267092801479,0.05665837566682551
0.0763878511845552,0.09395474829173084,0.09972247133451166,0.05431759676531515
0.07818466596582414,0.09490419717075214,0.10169341226282187,0.054897321591938796
0.07616144415760429,0.09486057743019818,0.0998519489982544,0.05485615422402486
0.07534258573084265,0.09467754021463459,0.09976628621550657,0.05431627576058579
0.07689426810105468,0.09479974782403168,0.09951103258166277,0.05551248583863251
0.07548419678875672,0.09548500705485456,0.10092784009504017,0.055359525384356845
0.0782630183983989,0.09535538968404919,0.10040340166750453,0.055568271634989695
0.07547406975298288,0.09471481170672634,0.10021236386341632,0.05528341661243225
0.07556067544581722,0.0944357446271339,0.1000556251542111,0.055918722406945245
0.07667824796470965,0.09432491065212438,0.09797129507260341,0.05521978104583538
0.07675079237935838,0.09478928496893452,0.10006631297388498,0.05488053209230369
0.07611983831535804,0.09478534007619202,0.10237675803588187,0.055167368744745746
0.07516506282789814,0.09386662277451847,0.09956438518303118,0.05432144273327983
0.07809152470318882,0.0951667820526154,0.10186840781010384,0.05581838399835219
0.07635685583884233,0.09506952919237253,0.10281443268510203,0.054889536176220555
0.07786806061076165,0.09547586205096553,0.10096733885581516,0.05552793893125446
0.07661025105301672,0.09538618693607122,0.10510550270665542,0.05552552640030754
0.07899964213229861,0.09593875762612183,0.10204154810204763,0.05757710862400091
0.07538985427067177,0.09451321806325226,0.09965394395066296,0.054712301072719245
0.07723122433134638,0.09503200838237347,0.10023364794163435,0.05597521685838966
0.07531071120800978,0.09455425030108378,0.09933679813085695,0.05378481158311564
0.07813312239027137,0.09418798367908324,0.10228123472349412,0.05651597706898908
0.07744816468381047,0.09501065498430623,0.09963116305827083,0.05601825438389481
0.07761624000742773,0.09483795827662109,0.09903094972737689,0.05570863708702404
0.07773736614848181,0.0950182460890736,0.10395087786914368,0.0562385999732668
0.07657840332279559,0.09577276751794779,0.10120398887040594,0.05586629065582058
0.07618282421306082,0.09526716262905402,0.10419492348515894,0.05430478584457359
0.07527411495867953,0.09303656219087673,0.10085776359092294,0.05412281272644535
0.07653573894552466,0.09568953628017864,0.10103342578077812,0.055623495415044716
0.07660493658109607,0.09420082800110491,0.10042841020434345,0.05560232376621615
0.07864126887278634,0.09552426730695844,0.10402203323545209,0.05545991390888783
0.07702684539892164,0.09422882642013339,0.0998752965127795,0.055571751198338175
0.07654619086497708,0.09573251079464529,0.10174311656116165,0.05471752479353621
0.07741179487861087,0.09523919414591084,0.10279003102692218,0.05585638234990475
0.07589032163569179,0.09353100019804596,0.10045302729813262,0.05582049346104327
0.07564360372930583,0.0943275190990148,0.10020431934419981,0.054883295482750255
0.07589364120524608,0.09384380957582192,0.10110096573939094,0.055270152839682604
0.07722140418091265,0.09548381760187495,0.09945168523113372,0.055960938263472
0.07669429791080462,0.09519420476632887,0.10008886651956789,0.056504768102872305
0.07669445070884366,0.09289969362797638,0.09772201710440247,0.05461590492075088
0.0764435019107249,0.09317198479156705,0.10003783171099571,0.05450970159851708
0.07806299602024157,0.09524714690813905,0.10247992157575002,0.056408053554961236
0.07733820308392224,0.09505617222940471,0.10328853156063904,0.05579931342683573
0.07694966711774165,0.09379695777107792,0.1028168012968029,0.05415643978977131
0.07891612654772708,0.09599882557468477,0.10389069972925571,0.05626717402755247
0.07747811939105775,0.0939925079606581,0.10120123343338015,0.05623679836401051
0.07688436331443231,0.09496587046267925,0.09959804788537838,0.05651059384572839
0.07743250463104949,0.09520957634468487,0.10295567514674397,0.05545814071075364
0.07765237980798625,0.09421586205151113,0.099194666860642,0.05564446113215133
0.07845143800466631,0.09544411072184797,0.10119123704688132,0.055867005160693914
0.07746541157338786,0.09419769794866606,0.09851759985134002,0.05527952760177134
0.07702369416543603,0.09446850577829828,0.10045396931516382,0.05532875246749537
0.07602763394350028,0.09413279505819824,0.10169684936084243,0.05479702692807567
0.07740210771869765,0.09380899055519347,0.10079850724341109,0.05444512629559922
0.07756348867470199,0.09361762242503079,0.10148617516686695,0.05509063687673592
0.0770032787070825,0.09373892642933884,0.10068791632634289,0.05534459917826784
0.07633698995347046,0.09396613549114716,0.10128087034216099,0.05468850534790195
0.07642125683403637,0.09438284709719175,0.10155636784372202,0.056164730508789944
0.07821621550028805,0.0950372141337934,0.0999902946950509,0.05540356380967293
0.0776202063611459,0.09529924959125465,0.10255527044522748,0.055960228011871296
0.07717074242436783,0.09463949897175597,0.09903783506033187,0.05605393172399908
0.07785537630209377,0.0940972070520693,0.10204391503516085,0.05704054804342039
0.0761451459513548,0.09427812132279817,0.0969771193113194,0.05494374253497845
0.07811579383257748,0.09522169983328707,0.10111039855184284,0.0574379382294218
0.07646615334526692,0.09459670125681909,0.10008750712267366,0.054535117162304234
0.077847334070442,0.09450114680810427,0.09868731099570248,0.0554273525098394
0.07809616123978583,0.09427694020850552,0.10406754539195326,0.05518222962872083
0.07853328688166249,0.09492064505375991,0.09947166559306915,0.055563213578094996
0.07740059716440338,0.09459994946855481,0.101260209265381,0.0563425544971616
0.0770826017349854,0.0938101989016586,0.1007085592986794,0.055139843080316026
0.0778543530765541,0.09413555951102179,0.09942919267231706,0.054930146958859255
0.07619507050676735,0.09280204486567092,0.10047741530477446,0.055081663006933394
0.07689889872423401,0.09459596390289995,0.10390968274404822,0.056734803168998475
0.07566271754418999,0.09305063095903755,0.09844082534065833,0.05510362530255496
0.07709097519834116,0.09590291111001271,0.09896945329518031,0.05531504805218581
0.07812214182271728,0.09459040969077548,0.10239033767890406,0.056171257385338985
0.07616692644182087,0.09520543243552006,0.10422266343851874,0.05615095403171593
0.07731350987113281,0.09502158857292313,0.09943465878247634,0.056172031901728016
0.07587677323658983,0.09412024727584191,0.10432744425605374,0.05629375902076091
0.0762042431228201,0.09550527738199864,0.10104548161827301,0.055938804541352374
0.07576237683798354,0.09419875306035108,0.09834018130838292,0.05528627114703749
0.07609244608739095,0.0957704107855409,0.09928421437776187,0.055832517581882776
0.0786182224572888,0.09450039759961,0.10032762420058781,0.055302193160483015
0.0765472363611597,0.09409441500719835,0.10030385014303103,0.05546258988681582
0.07655005415423052,0.09394463000011961,0.10169832816311129,0.055787849749631864
0.07695157390568759,0.09543326237931601,0.10073836175607023,0.056030002077570015
0.07666247331291318,0.09490872697006385,0.10025412412612698,0.0553492846434972
0.07718117604407745,0.09515301692988706,0.10025240022064309,0.056268787661044824
0.0754853262075236,0.09341241720189024,0.09896306055046815,0.054865362550633894
0.07848934759282226,0.09571192714623855,0.10216058251175268,0.05507576768005032
0.07744872989093333,0.09472545830542006,0.10029936659547319,0.05577091816081209
0.0774396340631083,0.09494357776587299,0.09945260064669312,0.05523485236710265
0.0772467994002219,0.09369090689686085,0.10090927551402608,0.055754529664638015
0.07564605885770338,0.09314865025818611,0.10088842339242583,0.05446001884266797
0.07614973556462622,0.09453369263373113,0.10165138322195867,0.054992718800708065
0.07858716579030653,0.09375010078119582,0.10133247846276262,0.055656734715042566
0.07790162973915003,0.09488555658084244,0.09889258594398015,0.05504605138824673
0.0777059461206155,0.0950774406815965,0.10142396633570205,0.0563177062139708
0.07785898335492507,0.09425419679399559,0.10268822347394259,0.05538936044043116
0.07571334102894697,0.0944440579291519,0.10087940375300847,0.05514880084258406
0.07639177457459835,0.09389222415013597,0.0998985300622274,0.056141064220380385
0.07736211145685269,0.09427845252934589,0.09997411212760594,0.05443958987090645
0.07842339670271,0.09404292544456427,0.09901500142812956,0.05663070904581056
0.07628107301034363,0.09452682298518171,0.10008389620361947,0.05522737137351483
0.0782240275511823,0.09443866747292921,0.10167105520646903,0.05559588379477275
0.07825938535718496,0.09436198534019803,0.1003152871497535,0.05636106439802326
0.07883279811470445,0.09436860853771106,0.1009927606084342,0.05577176959002758
0.07697529154093864,0.0940764026270669,0.09826073489183955,0.05524049868812283
0.07868750124106433,0.09373565749664385,0.09890446088429226,0.05566109696047815
0.07629050409864258,0.09352465495250102,0.09682866684332822,0.055203802536176114
0.07758280543534599,0.09465328177089266,0.09910021709029578,0.05532108822803809
0.07689642263755268,0.0929199309847933,0.10011307669330714,0.055228295722731656
0.07679911555734627,0.09183688808791311,0.09979430015662218,0.05476367106000793
0.07762733365050933,0.09342349550149978,0.10223412043373473,0.05500264819618915
0.07806387515051777,0.09442532753699481,0.09979271142676828,0.05589774075823637
0.0761460433763633,0.09296796795889566,0.09868838316973406,0.055122655314364624
0.07774952930173035,0.09508809546119588,0.1000467717768482,0.054828519074531366
0.07605541128636083,0.09306987750937129,0.09876208267654837,0.05486220086712139
0.07691889784508826,0.09523501025218811,0.10107202263616587,0.05577488978095901
0.07625929630830264,0.09359401815487461,0.09769461621353233,0.05508051856501194
0.07750343899879944,0.09587588666881391,0.09896924879492242,0.0560717083261191
0.0768942052356881,0.09294755273052513,0.10172290530107084,0.05574763999699337
0.07765448690151458,0.09458284852115102,0.10334731623722747,0.05678975325020131
0.07698864186724233,0.09405298721623293,0.1041303487990683,0.056983779473170036
0.07813684441464298,0.09446960076527264,0.10019990468277652,0.0562962214609582
0.07653528310881769,0.093339693793691,0.10055327582578738,0.056041840100025934
0.07844825685702805,0.09388717906390694,0.10044699244385381,0.05609720654392026
0.07781413088150346,0.09551630030024653,0.10496968800749398,0.05546973458633208
0.07730263111527155,0.09438559232776209,0.10160284030578635,0.05668160198782538
0.0781221315098393,0.09393499508054094,0.10138163053416346,0.05518733366339598
0.07923294929450911,0.09505211718035926,0.10019590892853672,0.05605197565304344
0.07538111630449963,0.09453311155191867,0.10212143913046919,0.05520024139793797
0.07695273730866807,0.0933075295373282,0.09932088247348841,0.05608815823452064
0.07620697076106703,0.09366071242914167,0.10012622648671402,0.054755406946198015
0.07855317354645036,0.09369920055980667,0.10070267067391696,0.055639163839281185
0.07703774503551003,0.0932804671763635,0.09792919331995376,0.05560989436748195
0.07783553311209315,0.09359416918729166,0.09829235132056308,0.0556209417410048
0.07702249886903988,0.09521213593906044,0.0994380553684994,0.055433491434837924
0.07605641216906862,0.09236861340405354,0.09928447896661328,0.055076925518853855
0.07764319967053215,0.09350167006362774,0.09780089587715952,0.056794154852331635
0.07824552016429598,0.0958116015328063,0.10195176938753932,0.05575110135893618
0.07848323274601796,0.09552847405600463,0.10159682977491226,0.055836304239211154
0.07779132524390572,0.09302180996361148,0.09613161195156487,0.05499341979458201
0.07653336531121165,0.0939520860993617,0.09747321421926321,0.05597544278799856
0.07771954820910969,0.09406905214928886,0.10009319046440547,0.05564971448854208
0.07693467481866109,0.09297426664304753,0.10048858523095422,0.0542217024592379
0.07840756556538804,0.09402400219242557,0.0990275177290541,0.05512873738393503
0.0763741992465183,0.09303714054873126,0.09999643450674878,0.05508072112675859
0.07685433411249491,0.09324944966744442,0.09896118858271219,0.055109527838602915
0.07689268883127397,0.09353494213603078,0.09737962119971508,0.054581005238200773
0.07817967180785793,0.09376528833675606,0.10062035509465767,0.055167844478945564
0.07825966082036613,0.09275002553276267,0.10017413671210561,0.05576256733701942
0.07600318789572251,0.09480286933001092,0.09849183569828897,0.05570820541348128
0.0775694166814272,0.09316901539507381,0.09869457033135422,0.055348389221847503
0.07732922906617362,0.09449010442360817,0.09951710603977212,0.0551282701694421
0.07651370160437361,0.09366903717552896,0.10016448679079078,0.054981322734264725
0.07876241407609184,0.09440549977978971,0.09833053116593543,0.05546879357392655
0.07563445673052643,0.09300484829642283,0.1011360242947895,0.055857034478937834
0.07764984159926294,0.09466159015350747,0.10082460646851665,0.05537449606500383
0.07831222347566902,0.09477106615665327,0.09796424680639235,0.05511504702169023
0.077487861007487,0.09346977807859876,0.09918001532291233,0.05564763014032471
0.0766385636190668,0.09390700316877665,0.10018190754626992,0.05521591452468097
0.07512177873709461,0.0930810904765134,0.09777917738095815,0.05600026811808025
0.0750074140215694,0.0929709555935851,0.09701658026184558,0.05495747557060595
0.07638231571703541,0.09299380282191523,0.09976712215008197,0.05419564979803499
0.07788027921511965,0.09394573888936501,0.09845449258096352,0.05532732278435651
0.07527439096762507,0.09374748564336606,0.09880805379188796,0.055690793691175966
0.07918299858950152,0.09538764839745698,0.1011358413147263,0.055765557141314835
0.07800711324486297,0.09410742386529608,0.10029109755131248,0.05628300247132788
0.07825582203031686,0.09369663116359227,0.0996738516812929,0.055187911415510646
0.07756201211067341,0.09473084017403269,0.09910178489578908,0.056463515339138466
0.07689549618790671,0.09349721701657088,0.09702139920809674,0.05453907089331693
0.07675198204637373,0.0933038226457657,0.09850783846111562,0.055194401642342766
0.07706073123730481,0.09312319314522295,0.1003627989159828,0.0552288067384223
0.07648439894024141,0.09132605456378537,0.09860464579255382,0.055909589754911455
0.07804829515724943,0.09364277618294964,0.101625420173255,0.05566915338562169
0.07650581224090511,0.09331115962073146,0.10101319820170779,0.05561160521658789
0.07870505320746964,0.09320886796011552,0.09986034951018785,0.05586834543356708
0.07722064160724369,0.09165921007195964,0.0987635779826627,0.05591865342424878
0.07668115900587559,0.09231781731892956,0.09803146193593604,0.05424208251556166
0.07560518496862914,0.09185907998761948,0.09901202751078717,0.05402717324845665
0.07643147398057787,0.09241911951725006,0.10069441874700343,0.05552922143875015
0.07738588467210526,0.09360242655942473,0.1016602853775597,0.055422537087249084
0.07673222832214147,0.09403997861614496,0.09849534783390469,0.055435479899073895
0.07787403565815439,0.09352597347712426,0.09920969176170806,0.055377674349924175
0.07610197914948566,0.09377789532903665,0.09722666790120843,0.05535919594947053
0.07844877284532563,0.0948752485792198,0.10052244409870925,0.05500067915063641
0.07838618964181446,0.09406372429643439,0.09957839493726162,0.05557172396017825
0.07640125207324402,0.09363039062627115,0.0998476676657059,0.0551817380910569
0.07758806582835001,0.09416482702388138,0.0983603124955322,0.05503170517273429
0.07630787730419367,0.09344891260778868,0.10008663946996435,0.054832327425154724
0.07535862403731158,0.09221802116579153,0.09595847007177441,0.05458688780570385
0.0768473247948489,0.09256967155498001,0.0993082708842301,0.05545045384874004
0.07787287473273749,0.09347937528415359,0.10014722024427962,0.056041456735588836
0.07755523957507239,0.09383125593235844,0.10157016197060224,0.05600947534234721
0.07666440030051432,0.09483166443798255,0.10084138564395945,0.055141590208327554
0.07756505271282776,0.09307478013546755,0.0985131076204932,0.05566253517641489
0.07749496549927856,0.09429201364850909,0.10313604770368846,0.055711239766568874
0.07696251021449095,0.0929666785483514,0.098995085746481,0.05448439023515703
0.0782745225402637,0.09354334254020298,0.09906679209944672,0.05518375642031131
0.07576478107129493,0.09265307488236021,0.09921838041269747,0.0549816966170618
0.0749523728985614,0.0939187468286251,0.09598169126762536,0.05557742215608444
0.07601210519857182,0.0931326478088679,0.09883132652917102,0.055223483721120625
0.07784616647443614,0.09262569901052028,0.10045348323936744,0.05555982795529406
0.07777190268764324,0.09379570370333135,0.0982821487439034,0.05495808772373725
0.0760942646286499,0.09350777953723624,0.10287254159615736,0.054779543078084816
0.07791981712241516,0.09390660513659968,0.09934069179784787,0.05696023532433065
0.07685402406917285,0.0929651968858844,0.09726747965099254,0.055726655268568515
0.07674329768933816,0.09201157021122058,0.09875289256048403,0.055411750202884545
0.07582986649298382,0.09325771347747527,0.09821452101737235,0.054871919403849
0.0784444861181699,0.09277703683807284,0.09900153166231507,0.05473917023313835
0.07731954482353573,0.09381157014654096,0.10302551001033979,0.055861584746502
0.07740247581129915,0.09241736675395147,0.10102636519663444,0.055454483640724445
0.07701573119540255,0.09374155404663466,0.10142859128894266,0.05439321309556345
0.07521198946560981,0.09166494189310122,0.10090762594873282,0.054516125230579714
0.07688848490722212,0.09432188255806219,0.10055232648391645,0.05594337783364086
0.07637173140254105,0.092937035031621,0.10023732775268901,0.05454920594418057
0.07586469664650104,0.09177067312225895,0.09798818014059463,0.056345533457630874
0.075098837218445,0.09397151460224862,0.09878236712433804,0.05470675286099285
0.07799511327841316,0.09238539379321888,0.10065237011305297,0.05593834278345556
0.07796534561705926,0.09365897690599724,0.09851387711573939,0.055494001294621925
0.07798807594904733,0.09277016263956787,0.09991390067867496,0.05485481903967052
0.07783362414069513,0.094961601511973,0.10115992714200124,0.055889930890993235
0.0789731544947989,0.09386213345996483,0.09997568967199288,0.054653300020447076
0.07863142766105437,0.09450331689574115,0.0993932518124816,0.05500655101255554
0.0772709316302062,0.09377655509324412,0.0990292407692988,0.05561434501182002
0.076864965363881,0.0944205795873409,0.09943837380783574,0.05571101013615374
0.07859432684927471,0.09299301862866843,0.09902862073466123,0.055119046854711445
0.07406587578013323,0.09168768426191436,0.09521619622436879,0.05475266385500115
0.07718297304538742,0.0934297713149762,0.10183912520183487,0.05506149882035314
0.0776099066319621,0.09315085290261371,0.09939998948770695,0.05522226308151224
0.07535483865674701,0.09214597502273567,0.09795840779740718,0.05478306471609178
0.07658680736589037,0.09366519315200884,0.10051446568778048,0.054562397086099966
0.0740066815633266,0.0916838714027207,0.09546015969944607,0.05479098735122297
0.07723644861165371,0.09239720666139277,0.09777479579809602,0.05579839241145864
0.07638222845805659,0.09300758511364476,0.09983957566586822,0.05597469739129346
0.07657197230945129,0.09371351659904444,0.09849254190316582,0.054611984916173625
0.07622631580171722,0.09130357561411204,0.09703735462882,0.05497459507368495
0.07611128423493212,0.09281608605235477,0.1007987596223597,0.05457668773157638
0.07623503727422926,0.09211698070804115,0.0998910967062224,0.05621944743174954
0.07708552506033882,0.09179512152580604,0.09939245792996254,0.054958374251706396
0.07748513088207633,0.09476188883813932,0.0995290977985521,0.05591199575700416
0.07610651811513502,0.09280966746519459,0.09973894489569383,0.054813284807665466
0.07635003555786664,0.09103083000675513,0.09695496724680033,0.055567796692840676
0.07706156097359759,0.09293066499328276,0.09991099701343567,0.055032411880835054
0.07699595762268546,0.09302413003909926,0.10011057826653172,0.05547664116404084
0.07728027098298197,0.09261385702837278,0.09955832662510265,0.054716391475441335
0.07780435763121658,0.09321440313155406,0.09853231247444921,0.05533633534817449
0.0768502967803923,0.0917577778442889,0.09907705531870131,0.05586628759675866
0.07659630599315398,0.09231449330320848,0.09765759474074137,0.05426084326038552
0.07640399408735123,0.09332165556013447,0.10105537041951308,0.05590265106848131
0.07807795239624708,0.09375618781662494,0.09945037628762397,0.05519762037372513
0.07713057459340865,0.09276254153120281,0.09916315223770748,0.05558831260298225
0.07667752265474381,0.09363225965888106,0.10071125136916803,0.05502823050347658
0.07616845537195828,0.09346514249348858,0.09821823794807662,0.05534504515706442
0.07769009071504872,0.09425509093926307,0.10044696619399775,0.055864151019599545
0.07704597666024651,0.09285667982585448,0.09897752911409362,0.05567227055711286
0.07618983570301963,0.09237666423779939,0.09987802864228323,0.054545235044095516
0.07626676749553996,0.09279007252176145,0.0984629609929541,0.05673897753983257
0.07687972991038503,0.09390761568266509,0.09897436561467886,0.05547539264803022
0.07759393186144616,0.09325635817381972,0.09871695006668688,0.05520475248803879
0.07751806461591308,0.09285327597546034,0.09842378376661558,0.05510941575700223
0.07726790157161802,0.09387670578302093,0.0991161745854486,0.05462085358619339
0.07629958876752713,0.09226735206893336,0.09730810317419292,0.05470484233950981
0.07781444368807358,0.09325880723531223,0.0990766137422197,0.05541740669540347
0.07798443416898176,0.09405435725760197,0.09807659783541,0.05471412744609476
0.0771727857938762,0.0928651544663686,0.10156068772421555,0.05688841617175899
0.07657231665382977,0.09167197353838236,0.09869145639037416,0.054670133849810995
0.07822583586312373,0.09436759904755446,0.09726563780120398,0.05616930192298659
0.07821529157356316,0.09290242092891403,0.09897483108093694,0.05541485101388097
0.07738252216313529,0.09333782570336235,0.10126387009550222,0.05494462899919677
0.0772641964605049,0.09297081405271763,0.09859810583682313,0.054909747949902984
0.07699383884898274,0.09239467055238833,0.09857994777598345,0.055215355636334305
0.07690982601651511,0.09382004883019407,0.10179250973948181,0.05583262515098139
0.07732355197126632,0.09242809520488413,0.10124067978900886,0.05409501144904098
0.07831285446098951,0.09328485964540281,0.10333324145241211,0.05578524626791456
0.0783206512617362,0.09325195362816133,0.09824184126430043,0.05491145438126389
0.07863466597728622,0.09305884972273594,0.09893776674987728,0.05639394083144039
0.075895809993763,0.09335843304964139,0.09776152625458034,0.055400728539038636
0.07599208397044968,0.09308841563266614,0.09972787852882148,0.05478763689236834
0.07671332879267542,0.09350343017813904,0.09972621358389804,0.05560718508613006
0.07887653617511595,0.09382236529990465,0.10005112047840531,0.055368427322262145
0.07698641253392544,0.09381363335216464,0.10020149256038119,0.0541618144861996
0.07870018792911568,0.0935459967910172,0.10045622394698847,0.05515195008026688
0.07909664714666324,0.09322243932315533,0.10026775238315035,0.05562966930893869
0.07852285259022529,0.0925244082028156,0.09794838653995915,0.05593204014904494
0.07765788699230346,0.09294906041499963,0.09614868704008002,0.05557268827077402
0.07734418592048871,0.09336764790751265,0.09807343639223239,0.05513228011380334
0.07948663378941062,0.09438923164631254,0.09949737649650618,0.0563186633870436
0.07879434639260295,0.09277074897420186,0.10092841314554651,0.056138648900651546
0.07817851729475464,0.09412848158194137,0.09901396163980802,0.0557816662274387
0.07934480601896698,0.09453038997542668,0.10368312250592246,0.05673549167518512
0.0779101486313922,0.0944202693062214,0.101081249468636,0.055704752342989106
0.07741225186158357,0.09235136072698116,0.09883286722812026,0.05555574647862159
0.07717606759971805,0.09291515734713982,0.09807929742807284,0.05437099617083887
0.07613608261640387,0.09190309041236724,0.09696808985031494,0.05501881558484674
0.0773241989178113,0.09339404141944095,0.1009505170108882,0.054763584573259076
0.07663857285733715,0.09126526493680044,0.09948860988120073,0.05493931399877732
0.07806556426631879,0.0934227373893964,0.10092476893396883,0.056045120808204625
0.07578872289185329,0.09186564232744675,0.09878798962693416,0.053895436868387804
0.07693434701094173,0.09314724592723139,0.10061411164886676,0.05523404481867366
0.07732904689791945,0.09357055534795655,0.0977309371897373,0.05607761649950562
0.07843469958895345,0.09317686186972936,0.09916209849203349,0.05460017715816612
0.07572220509038284,0.09108039165561721,0.0990599435297102,0.05606501353061016
0.0784842490169206,0.09381010208877426,0.09848630461777731,0.05474851997500138
0.07769689014549584,0.09241826678290525,0.10042233983477294,0.05492633472291548
0.07684735275206296,0.0932031043063682,0.09994857662193093,0.05471727403777531
0.07749397185477154,0.09169993285464759,0.09803910551885661,0.05593840868675342
0.0768944284392569,0.09301989087101882,0.10000683277437847,0.054310091017490715
0.07756135172397398,0.09334155713862127,0.10242379384167467,0.054546562141039194
0.07578647662388391,0.09152398454008517,0.09925786236962542,0.05454538767307691
0.076664614301107,0.09237841195914633,0.09938784532742485,0.054769693589954475
0.07681094129826167,0.09369073230748333,0.09808726259807832,0.05534738968480695
0.07548862542369794,0.09251451321954841,0.09890647684610637,0.05590771073063737
0.07672604153231645,0.09145214526213628,0.10025409879985892,0.05494174827146475
0.07659261588817652,0.0931441229317167,0.09922315541400858,0.055003148436163406
0.0761245009733233,0.09147689177336331,0.0987630049783002,0.05533727067167864
0.0758757143191252,0.09218072697576891,0.09887385848938092,0.055866402529969876
0.07866708215291275,0.0936504674766429,0.10045953058399314,0.05573660415713134
0.07488942304220102,0.09194637294666318,0.09784829042682926,0.054709724501939554
0.07551084326884368,0.09201408344777649,0.09797741762893313,0.054008376086492366
0.07746565172555915,0.09217530321858182,0.09904450521695726,0.055693600605792225
0.07787997670444166,0.0920068691177118,0.09853542648934696,0.056080027047013356
0.07812252964844313,0.09262492856989486,0.0980529470231358,0.05555871445554806
0.07611407711044653,0.09230431555415962,0.09582488708250587,0.05450268682453875
0.077470789606067,0.09172170486083502,0.09748541732893631,0.05484353142762713
0.07693442285428465,0.09185301900106156,0.09973017797255503,0.0560988681509039
0.07845103780085545,0.09336539311147024,0.0998365906079467,0.05647240623539629
0.07712598352036994,0.09329416472574799,0.09867469364541055,0.054627688274096635
0.07664916109445931,0.09175464161453903,0.10026710104882047,0.054172805641703195
0.07609715052720026,0.09097526170441886,0.09769822223025927,0.055361785069610515
0.07746998977930906,0.09242665588860176,0.09777709897508913,0.05492334279688715
0.07800517279271853,0.09218471500030523,0.09988879216799676,0.05516254124885156
0.07763653012948785,0.09378911033162045,0.09991370812989389,0.05510428722615986
0.0791884014846082,0.09391152127468173,0.10013236649711471,0.056301456932608546
0.07754853035710525,0.09343051552072669,0.09934586149061521,0.05545708019847984
0.07856042875899338,0.09291271131458885,0.0984372361107574,0.055709211623982124
0.0789819683115037,0.0940320977134437,0.10033628660736976,0.05542731374850309
0.07907627967862739,0.09335233943155227,0.09911963479529738,0.05538307776509333
0.07822047728316575,0.09353178014174848,0.09840601207695912,0.05526893676463977
0.07781550947995522,0.09283142615321939,0.09860239982856972,0.05505578004184143
0.077529087283419,0.09196958991291633,0.1020652417535899,0.05466794739750387
0.08153544630347129,0.09374747574726679,0.10047335623188866,0.0559614085602469
0.07680178169726923,0.092942016114215,0.0991523402258647,0.055627657503231925
0.07831487270697295,0.09129114253353457,0.09895877801435177,0.05561291345162672
0.07714297013854778,0.09269065576429819,0.09995281748233138,0.05609026364513943
0.07835456303769503,0.09190654672044928,0.09869106429598883,0.05503741802458124
0.07742108696622162,0.09365008973108689,0.10123373205537459,0.054999064711507825
0.0755716893063095,0.09178688562668894,0.0998144773207399,0.05405897387344676
0.07788295128949917,0.09257087207875853,0.09898054895920524,0.05501141305589459
0.0790382315149803,0.0928039226886787,0.10031674226816217,0.05549845551412332
0.07650243562299178,0.0917439528299243,0.09898859427668927,0.05432284945265896
0.07822062241816012,0.09221435519856712,0.0999469300096775,0.05555131750870654
0.0796214999353386,0.09341923577765582,0.10255333168573194,0.056601823347397565
0.07955654282244407,0.0928768035343897,0.09921035249896429,0.055606077803346955
0.080108293097824,0.09402939461030924,0.09975540643634936,0.05683053894034439
0.07790080048880675,0.0925941789877845,0.09936835546772109,0.055209401178745135
0.07848352017750684,0.09201563800093303,0.09977380986393987,0.05600597589487661
0.0781613696593864,0.09295412253625106,0.09971210927629665,0.05535530873437637
0.0778284258300751,0.09093022280805142,0.09940935112853758,0.05485581998592424
0.07946396957701962,0.09381133462384089,0.09983015287891793,0.05643000235704076
0.07711978716429153,0.09198609275192432,0.09901232266269941,0.055666336028131716
0.08226511158434281,0.09309538119584665,0.10044532726578798,0.05635701928816742
0.08432588993239636,0.09414325852125578,0.10005776334627602,0.05645067589138105
0.0842800498732685,0.09284881470744862,0.0986299104152266,0.055576856799559565
0.08309850817281184,0.09226838744806168,0.09790122074538958,0.05672193517227264
0.08266808841262072,0.09346711199877006,0.09789384297384336,0.055905736005882035
0.08427124871137842,0.0917120504367474,0.10069185521695015,0.055940463870501424
0.08598723191692109,0.09521701646559493,0.10269132938500394,0.05772255545454589
0.08444288039158852,0.0937404062799562,0.10091138473115595,0.057345561109001714
0.08268255902187746,0.09306176754244999,0.10163316820264066,0.05573651479982625
0.0836379520986137,0.09343127200188717,0.09906503299206411,0.05596298825730717
0.08381571232658289,0.09345073145237749,0.0992093588075238,0.05597826639503719
0.08551655227434408,0.09238883020834081,0.09991826860184591,0.05613321687832771
0.08430120065361243,0.09255914045852995,0.09755535638084538,0.055406098861186984
0.08697885681706287,0.09305298442369407,0.09824955818523436,0.055988141357400406
0.08478583054111621,0.09183066585518287,0.09906807875655824,0.05609140924781842
0.08516847160004398,0.0933574225737267,0.10046058335782124,0.05604524974992305
0.08699169910336632,0.09299110104223347,0.0986342040124615,0.05580558424048507
0.0869552866420438,0.09461645927234001,0.09924657951245411,0.055955996418223575
0.08790080163305893,0.09379703585693352,0.10187933824160263,0.05754674899864023
0.08565032244174565,0.09396673644749907,0.10031081603921446,0.056654804690610745
0.08544638075644281,0.09204713360386352,0.09866735045050047,0.057371240004792476
0.08661301154867697,0.09297210183033403,0.09964210271171771,0.05561270448728982
0.08760435629686174,0.09304581968335211,0.10292608230166321,0.05591850279717908
0.08819957754159384,0.09193883278903085,0.09908280967871332,0.05626581722058252
0.08605389220297505,0.09128181647804369,0.09842002027344336,0.05470005302356891
0.08917826412847892,0.093058156851727,0.10019771786830091,0.056611615847175084
0.08561711642539709,0.09239715857162153,0.09603662250062799,0.05588000536864684
0.08827365730623576,0.0935309660035782,0.09894025481793292,0.055907535619650596
0.08883351291927008,0.09272338261514056,0.09970987895357962,0.0565452775057575
0.08730537730432188,0.0930680847992647,0.09936554642533925,0.05590449401588279
0.0874788557041786,0.09276633137258433,0.09943073810290005,0.05652043929936983
0.08891707562606087,0.09365815944208025,0.09817416065499363,0.05581695373467411
0.08606533531776527,0.0926375858626137,0.09962304930649835,0.0555271123423335
0.08849752380010416,0.09320813953400542,0.0990893528766619,0.05566831266668903
0.08784936420382122,0.09390425174662619,0.10005354913901106,0.056636509333230674
0.08692632195841919,0.09169913919392184,0.09877137550495399,0.055533251669748505
0.08674333435306426,0.0912041563994276,0.09858925678152958,0.05634834718488867
0.08853620513180258,0.09361103163698509,0.0993414568487302,0.056298044586102186
0.08814084160583206,0.09275428256201301,0.1014253304468366,0.0553787875221359
0.0899870048126742,0.09353485913308938,0.09964296394463522,0.05578468564349673
0.08840501059576603,0.09265233945162624,0.09737317221888558,0.0556516167007415
0.08764679009783032,0.09269172592355533,0.10235076454969083,0.05574198460457117
0.08951969957125708,0.09222389853469382,0.09940757352349028,0.05551092762634669
0.08913656021626312,0.09488952252158822,0.10197190535839701,0.05570401734909363
0.08819533236169942,0.09316046697726389,0.0989034231428569,0.05573558486211367
0.08845663938213598,0.09288572106483524,0.09786359637829457,0.05611601055514371
0.090150743170207,0.09274487540593551,0.09785003223603839,0.05520490019789344
0.09071041798845723,0.0950661660515158,0.09794839501460706,0.057474687872956294
0.08991441460146976,0.09263150491665889,0.0988358376437129,0.055543177180010145
0.09103706078046937,0.09339420192455739,0.09920378848809468,0.05595032499626343
0.09011333846624066,0.09232211252423496,0.0980954707757639,0.05583582501825105
0.0920947353718068,0.09345214245637978,0.10107643809459564,0.05690404864289645
0.0892083709483904,0.09213045348300622,0.09901602172675769,0.05573613634376938
0.08972886132503577,0.09259003562622506,0.09739418160921177,0.05573562910349626
0.09109389338539316,0.09355993024193103,0.09910242097824856,0.05681175785062565
0.0918239707351109,0.0927563798134325,0.10030408161716302,0.057264926666956234
0.08981583914286778,0.09300471573225468,0.09859257205120411,0.05570250613260704
0.09123699259817464,0.09342941436587301,0.10028082662928704,0.05711262430906804
0.090868854030479,0.09264612850493605,0.09726888272656882,0.05663061247709802
0.08962443312887326,0.09248093975922822,0.09730870381363953,0.05524059017366103
0.08982404539353243,0.09325730455849357,0.10091752027491312,0.055504400955155124
0.0914061765491158,0.09342513113158112,0.09811491862025558,0.05701935363938392
0.09195853451590287,0.09434170433977952,0.09913809787953305,0.0569017437981089
0.09039873667146503,0.09209494850976152,0.09877371081044604,0.05666826523863467
0.09161855206251215,0.09385344163033861,0.09828857459788688,0.05518859887071332
0.09144305642507458,0.09443863774339464,0.10148283798874566,0.05597838109833675
0.09038385103182842,0.09463428269362799,0.10018066882512812,0.05610137047819108
0.09101168178153356,0.09362180636450637,0.10002334200231713,0.05619810062334736
0.09111499109127158,0.09326956611291072,0.10058053826528458,0.056684813366599786
0.09316506452553379,0.09281437603322829,0.09740665403348993,0.05573222898517742
0.09196030611296717,0.09315241705256162,0.09806688715090711,0.05519782339034077
0.09220456198041396,0.09395463837547151,0.09865537297677962,0.05616380679191337
0.09182987332434704,0.09321123078750691,0.09840096618674217,0.05607215113416374
0.09341100455237795,0.09388151790579909,0.10137222681356381,0.055662112794801905
0.09314935818183344,0.09361518692314966,0.09820358442613296,0.05444486711056883
0.09361258209954337,0.09468018020387108,0.09915316976384946,0.0562730920482594
0.09453647609520888,0.09493626151265912,0.10178630916962753,0.05659482242909903
0.09488179632277996,0.0935654216832566,0.1002221092943381,0.05558674992818095
0.09591115706125186,0.09422713763453114,0.09819555484943043,0.05744529794386461
0.09453624651051509,0.09369124877840113,0.09809212003862428,0.056106730740393344
0.09484404113423191,0.0937737287678764,0.09859765097274757,0.05708606312853975
0.09559869276613436,0.09209459380975832,0.10062861721953464,0.05639069860067238
0.0962706846686077,0.09491452389230598,0.0993006817228613,0.05725296159438501
0.09629343885845754,0.09325811139947492,0.09841320806418404,0.05721967930020886
0.09498840749582946,0.0941080384472582,0.09843763343244924,0.05690344154931448
0.09552074356479788,0.09441177393016523,0.09937945842986115,0.057382043157708534
0.09492288322509818,0.0949729903524385,0.10088852599644013,0.05738178277241502
0.09428204497096067,0.0944911100212442,0.09962179334354695,0.05695749211651725
0.09331646084820391,0.09301165790297136,0.0966039959383151,0.05568046611371554
0.09846557957645974,0.09348963532960486,0.1005864151080894,0.057890811403208675
0.09505307008620237,0.09377293026866482,0.09887744742546199,0.05676091623052014
0.09558984315937742,0.09331405882405261,0.10030143947005758,0.056712316697824776
0.09694473044843,0.0940529830629889,0.10064297903239762,0.05659320558131294
0.0965114094210498,0.09466585690147544,0.09784937004779336,0.05627608856815877
0.09612524026709245,0.09288313678816718,0.0967817567895191,0.05678310226753202
0.09615338622035433,0.09300269837105198,0.09839772485103188,0.05622769262533143
0.09568015540681293,0.0949979006244184,0.09943235422339275,0.05743181886689098
0.09588543375429867,0.09202103057649036,0.10063295145213991,0.056818024776061384
0.09359121892445693,0.09387507984142743,0.09925796862689414,0.05635890672455863
0.0978013926401038,0.09384173376538688,0.09832484600444018,0.056791190826295856
0.09710681060572232,0.09287544556378653,0.10271488123038391,0.05707705138601569
0.09409151883148462,0.09203772207718013,0.0991818533758192,0.056420011306107076
0.09633701373222939,0.09376858487662926,0.09833825949878308,0.05705804036858544
0.09589212714726962,0.09241542533497181,0.09960464621128373,0.05735825004004437
0.09741922811159702,0.09298880482222377,0.09764619773263383,0.05623282723974494
0.09765945669735152,0.0923204927882855,0.09983313812933058,0.05687962979095635
0.09483689122646313,0.09425632516698482,0.09716006872722006,0.056869037290460174
0.09751085676733642,0.09338111828390751,0.10004060967419368,0.056698970380312026
0.09844802225508394,0.09381573945106439,0.09782801469407613,0.05636548908130755
0.09941949426467503,0.09297185840391771,0.09805663173566463,0.05699371238964106
0.09837946999850884,0.09423890590790382,0.09779483990932561,0.057139507696896984
0.09805131488951334,0.09317831527506816,0.09788177733359961,0.05660791641786398
0.09792751075811766,0.09407280363002105,0.09843695287546364,0.05622479860804861
0.09727314629554436,0.09372050030667985,0.09824424755543897,0.05684871301863394
0.09838645353035777,0.09345578938895385,0.09963149386771485,0.056535941624001454
0.10379379699636138,0.09351430920126944,0.10143504719192535,0.05683093803183373
0.10638649114453806,0.0926906863178719,0.09828064213842229,0.05794128855938462
0.10502789459271344,0.09364176747175576,0.10134688940558315,0.05739989587860765
0.10535479352896691,0.09498428838003947,0.0987690235829597,0.05805284205534751
0.1062761847330165,0.09357129817308764,0.09736498714967434,0.05731569434595881
0.10429216187852698,0.09300717981987668,0.098088138229493,0.05732940045256012
0.1058579707010176,0.09351709506989886,0.09837245048117829,0.05886837102741909
0.10620989914212917,0.09308487731509145,0.09889605249563174,0.05640300977535464
0.10301590204535778,0.09357431350770092,0.09952702968878291,0.05805726480031375
0.10596938126470777,0.09294331479791862,0.09826283685820329,0.05791963131276174
0.10595938103673265,0.09324091019495881,0.10033874218662377,0.05780084637612908
0.10464030419355035,0.09306068616012751,0.10050523467593928,0.05703066480864154
0.10564207193765773,0.09403490536888086,0.1019866903559755,0.057390042196877454
0.10435954367219488,0.09434831757533821,0.09859693710181557,0.05879731638486998
0.10662787171909487,0.09400106538209421,0.09754441421291445,0.05826460930329512
0.10662177420384168,0.09372979235338877,0.09999884569646292,0.05970491483511847
0.10470268546579882,0.09225857958917695,0.09668044071676286,0.057859323099490635
0.10421010318327466,0.09308762620425848,0.09730937770962454,0.05779941659388743
0.10612328036187736,0.09329985916764894,0.09931472720126909,0.057985778748839575
0.10685637013248496,0.0928640750009456,0.09959141357668905,0.05989260856355211
0.10484058257137954,0.09289633261480913,0.09727690973693988,0.057358568419145106
0.10359935976515491,0.09239901344466225,0.09584074645807295,0.05810387258837078
0.1061608500070471,0.0928490968462066,0.0990191777313554,0.05782372863928787
0.10631852845194717,0.09231654738926819,0.09781700718449347,0.059010166960342524
0.10491263548297876,0.09455016417183988,0.09969235734639466,0.05717788810958197
0.1029637437136551,0.09466905941513772,0.10092580040554547,0.057398407619598864
0.10200354165305059,0.09309714453361338,0.10154026102672278,0.058017537589669814
0.10489127136513195,0.09376724685107936,0.09757967798003589,0.05850800851632941
0.10283863459626931,0.09291245065290295,0.09875305177246423,0.05754872468517982
0.104138791478608,0.09333934068511117,0.0986598725875134,0.05745047374559891
0.10527105383433104,0.09471291454516974,0.10002323875487949,0.05775944271421124
0.10531576914436293,0.09472708279496286,0.09833286328564386,0.05823778959334523
0.10321447893638458,0.09363475103594017,0.09798534423854863,0.05796454078383827
0.10400314819265989,0.0938261958586027,0.10033973393940833,0.05752644517551254
0.10480054064895132,0.09305133910366027,0.09691920538802862,0.05675603070585869
0.10488916094613579,0.09405709001261216,0.09779885038546593,0.0574512951843505
0.10448049403028538,0.09318969858238088,0.0985108231383264,0.05848405732280807
0.10532482726442635,0.09407093686207964,0.09851899900051005,0.05807027371601692
0.10710761691664371,0.09236862054045666,0.09738417474227717,0.05774879809693553
0.10712431104832426,0.09467279330921186,0.09911939538261735,0.05829599176830256
0.10520757314597474,0.09214141459302178,0.09789615083166575,0.05739602011463861
0.1051648280769437,0.09653343995371177,0.09971449159467433,0.05845453252782777
0.10574962299541249,0.09409586954811368,0.09936806383026188,0.058357573600042484
0.10543929148781836,0.0943980981150276,0.09937082980636848,0.05807313756497598
0.10669288280028043,0.09395846042350976,0.0978900738212735,0.05884536392502599
0.10714596999756337,0.0930890783801831,0.10151185179419939,0.05758772011299371
0.1082455801187022,0.09471749576454316,0.09915690986228595,0.05864248223477797
0.1066530244622867,0.09424526368238619,0.09814786755834282,0.05801091458456331
0.10575230009134258,0.09398896419593633,0.09765961319208738,0.05772939592873699
0.10728003431076423,0.09560654642204162,0.0990707639001821,0.05853267525293565
0.1092699857470305,0.09345174640556483,0.09825536324420159,0.057019178516969186
0.10650088073652841,0.09323714304798277,0.09798179388842475,0.0567165714974193
0.10979059235618448,0.09532302324079753,0.09937149929958225,0.058719438111322006
0.11276782356350593,0.09417079184709756,0.09965996999367713,0.05889617453621245
0.12028870746886945,0.094769098761559,0.09900583503558641,0.06002163875753998
0.16689628653443545,0.09743487483434447,0.10435653303137339,0.06424971691024697
0.1717619405135619,0.0982766940517944,0.10413650920223956,0.06458694554750402
0.1737544359258383,0.09769273943282901,0.1005969225190935,0.06479183991469335
0.17177918437224501,0.09800170622916789,0.10265542213326764,0.06485588666540802
0.16911726137713776,0.09691243883414166,0.10072116571335069,0.06466984889010295
0.1736918046931925,0.09788073423695608,0.10144145815983596,0.06308451014252132
0.16859953520542212,0.09799622895128096,0.10270148855763059,0.06504421535518647
0.16686560557006835,0.09840111058546608,0.1037935351995429,0.06408002275597481
0.17252337180324112,0.09762459812057167,0.10143902036945954,0.06447049122103267
0.16982476952361808,0.10223454884976813,0.10308158697953165,0.06419657425816719
0.1688369467847881,0.0968277596511584,0.10041352705694401,0.06422372319551203
0.16849347762436717,0.09767085890728873,0.10257293470303826,0.06527773297132032
0.16950951531182548,0.09785838979425832,0.1013229566916322,0.06470379248327528
0.16993603015753642,0.09774497769227071,0.10029588817866301,0.06361571296108277
0.16509543064755947,0.09733217075994838,0.10271514435031598,0.06489482927928465
0.1655270049130013,0.09765241642475495,0.1001634964714722,0.06416800686844457
0.16503688256696403,0.09722120622298987,0.10133723696501264,0.0647119273775853
0.16810142507227036,0.09723939832155226,0.1020150867748859,0.06390741823504335
0.16409903551523772,0.09706073751820622,0.1009690546652785,0.06515878067627379
0.16516423703487537,0.09647873617125757,0.09979935167977358,0.06336461753896551
0.16412790006005987,0.09745285719259339,0.09926178003926033,0.0644214918585502
0.1638367454217479,0.09783957093438728,0.10119325691043167,0.06390785946934167
0.16321589900343655,0.09752507540131025,0.10217831954174525,0.06559460717341307
0.16847889623499585,0.09862624464518813,0.10301008393637064,0.06486118026275907
0.16697350674021613,0.09754133939322855,0.10110092975856787,0.06545503697374538
0.16563809588555933,0.09827051436794572,0.10226277330821563,0.06537445364554204
0.16415866735084764,0.09759271358119223,0.09932100832811003,0.06467841459446208
0.16524972475984076,0.0976823247689449,0.09983663315793707,0.06359637087658285
0.16630584896626646,0.09776120510026588,0.100974339494389,0.06524839445163096
0.1575511747218979,0.0978630193517481,0.10261541924865934,0.06434054941347739
0.16212426031057164,0.09829787344509608,0.10083915366616965,0.06413469521919765
0.1558261737820283,0.0972304411766513,0.10092470410378968,0.06385066271313282
0.15678997088686228,0.09837431553526181,0.10147406750965059,0.06458775257897681
0.15417651476498656,0.09796594593275768,0.10155767632775844,0.06283809180147024
0.15502766606671775,0.09723378093181852,0.10157691315997634,0.06314709467906066
0.15479955490008887,0.09834619525479239,0.10028735982672804,0.06479578157987506
0.1450686467016887,0.09662535626147128,0.10122464068031743,0.06349790535423196
0.14251295959436022,0.09536937007261229,0.100097320075655,0.06370145286927333
0.14808891668890603,0.09704377435273732,0.10222566135684205,0.06436843716546953
0.1452710145754522,0.09774301970161668,0.09941258207394764,0.06383062954082566
0.1439164398197462,0.0972325754594043,0.10070628510363691,0.06387021332664097
0.13972712158296033,0.09835002909331675,0.10168874317386979,0.06337296632893338
0.13942111694991724,0.0984214766224673,0.09911647927990455,0.06377386195574171
0.1397635746076544,0.09805594479962383,0.10136651330459803,0.06286217058163339
0.14242094915360065,0.09775368664123683,0.1011752530806694,0.062327169631058575
0.13856824279089436,0.09854777132143515,0.10229177425422889,0.06368797150831348
0.14059532065276256,0.09783259178630095,0.10230856122152607,0.0644510363297936
0.1344781462772739,0.09847599470532463,0.10149850435705321,0.06251204844805419
0.14053554724361556,0.09815760157060557,0.1000392732939013,0.0637487856042421
0.1395541734739036,0.09788793342269325,0.10223412735909179,0.06246175157771554
0.13509444305715124,0.09765580149897009,0.1006884854079651,0.06339908126983683
0.135658014414925,0.0982554859910822,0.09837253461412006,0.06340289196073295
0.13497136089451994,0.09729807039172528,0.10102531880208299,0.06333455470998829
0.13189689984036773,0.09850073093201199,0.10271749528629787,0.06362880790422291
0.12851723194284104,0.09651122804457457,0.1004141895981651,0.06224557354367658
0.12589233138504702,0.09649110224523295,0.10028723275040734,0.06210311131937654
0.12576345778664455,0.09838239802034902,0.09998020116503067,0.06269658263900334
0.12436039114109293,0.09897627013977264,0.10113742367094822,0.0635360741220588
0.12274867278273063,0.09582777953223233,0.10136450628679461,0.061800859937888405
0.12051210248644377,0.09762511228586693,0.10117148527917216,0.06225273509930106
0.1166632473457258,0.09792672094878523,0.10481085409784022,0.06359618545705002
0.11792317642053819,0.09707990024330473,0.10168401720756685,0.06140422348755316
0.11285861527156722,0.09658997561171591,0.10054299987676293,0.062218006022674015
0.11249116241329249,0.09659858953421628,0.09926119392361057,0.0601560194800778
0.11132827171042965,0.09704212046596701,0.1017398636401466,0.061193554188482546
0.1111174328659493,0.09665850304519255,0.09905899343162891,0.061039521568893175
0.11086750498730173,0.0969844477504963,0.10229630197830955,0.06308577176835815
0.11017193970711474,0.0981181782561054,0.10374053444207873,0.061198478410542406
0.11003507652747033,0.09768253221333574,0.10050128919998676,0.061137695991047535
0.1070069605194418,0.09725610269653391,0.10104396040137059,0.06243295231811683
0.1072848457833893,0.09690446401732158,0.10025613681341407,0.061879863287411595
0.10781778904599011,0.09791364528804834,0.10120064455814684,0.06055452290407897
0.10573701784786335,0.09817543588361348,0.0997315383232813,0.06052132001023482
0.10385260668859317,0.09956265620083478,0.10312011423085399,0.06076175418373284
0.10678984226112637,0.09873316485253004,0.10164696751924956,0.06149111105095801
0.1052975265226913,0.098811593726078,0.10503195128633774,0.06109190933927953
0.10424662858007687,0.09745142845645273,0.1019748693287193,0.06164440379735414
0.10346354326600385,0.09883118028874098,0.10352038668293495,0.06028390068368689
0.10303147274012928,0.09799224648457525,0.10046916358779569,0.061413579397190325
0.09932441224184264,0.09717759344606529,0.10096477161575652,0.06039222992692748
0.10277105523892355,0.09857881869901744,0.10027067566560774,0.061284527497133194
0.10151048547864094,0.09958771259548037,0.10045462089607925,0.0602758296066145
0.10050111138028213,0.09751962793218219,0.10096324894098224,0.060428487484044925
0.09937990578496302,0.09826409428963613,0.10213947672216715,0.060776680821188526
0.10260710653042934,0.09864695350362765,0.10243880461722624,0.060415977456557385
0.10001234542935812,0.0983059768675874,0.10105671099877843,0.05931685804590041
0.10276615596829532,0.09899837090278935,0.10048632063502785,0.0605253752150441
0.10079244075465804,0.09662674971127624,0.10206096906383948,0.060373340023116784
0.10071724420996633,0.09899175954104085,0.10520409201434372,0.06041194036829557
0.10212575566772138,0.09780585815109377,0.10123136450802316,0.06066069543537335
0.1027555945291119,0.09729674477066923,0.10030183768295636,0.060164619141854246
0.10324720860141631,0.0977318572317581,0.1001308192168188,0.06013083432256803
0.10473901018200549,0.09749007236116083,0.10185166191651589,0.061247222912170676
0.10546040777193058,0.09830017926810014,0.10216307429790862,0.060727893917123243
0.10417618977302347,0.09730129842803358,0.10208095051959681,0.06027451564573642
0.10512936366909462,0.09845393389605808,0.09996510572835529,0.06049026466416414
0.10303119336706057,0.0965110411024951,0.09999361722794173,0.0601138393520213
0.10615366979680035,0.09750544130449529,0.10431623462645027,0.060122959132462454
0.10578920644929649,0.0990841604375259,0.10080511902420618,0.060029770039669694
0.10624512879458581,0.09855168204147062,0.10305734546881229,0.059599793217447496
0.10636952169904862,0.09782984545684091,0.10250634626885607,0.060556254918593046
0.10593802474980654,0.09603586671297604,0.10043708166333226,0.05993783563513951
0.1089140454078783,0.09768376687324704,0.10168782532023869,0.06091361591233626
0.1074263562701648,0.0974449874849266,0.10052491067399974,0.05963819585045204
0.10872704274567,0.09818682740659194,0.10080440455910458,0.060185447865456855
0.1102030913263808,0.09791961761399946,0.10299267955061478,0.06040020177946428
0.10984870721388805,0.0982895351237544,0.10292426225028589,0.061910031513100726
0.10855998823195347,0.09687040210862914,0.1018289950764577,0.05937456866619643
0.10971438572742807,0.09718611383657776,0.10101354478716579,0.059248964917119014
0.11021514449553597,0.09628764660470146,0.10132842256124389,0.058725126882312906
0.10842924185053242,0.09828338357183337,0.10334510955977488,0.06042820548037253
0.10878737571627682,0.09697353985309923,0.10168625681093169,0.05918968861449814
0.10945516459555768,0.09760834975249941,0.10377837643755863,0.059722285347996354
0.11022510370295927,0.09704573588528054,0.10253507950597628,0.05948587058140887
0.11007236278388924,0.09963554533664805,0.1028840527988303,0.05946809067553582
0.11049097592889091,0.09889520623572333,0.10216876261699316,0.06094484771406542
0.11108235613161074,0.09789070356142099,0.10067023706567585,0.05903693643204439
0.11181097024177122,0.0988825502312434,0.10296686526158245,0.06025036063818415
0.11377855346468255,0.09871752630612257,0.10118054354755228,0.06039670853899035
0.11121312854576791,0.09814450318718504,0.10074085600370575,0.06018157827177059
0.11279849657720675,0.0993014549494524,0.10399140401675035,0.060034309851742275
0.13760685088379956,0.09896345773464504,0.10358456548652048,0.060879668872549315
0.13716050862749496,0.09959450869455291,0.10367453486602919,0.06169674528616765
0.13582555879463556,0.10013948645787472,0.10435238480669116,0.06254289855895911
0.14128292273948928,0.10231102434794112,0.10414035516656715,0.06158937468605076
0.1392439846307889,0.09884179648520092,0.10292534342113888,0.06107204697629678
0.14149214397499468,0.10148051426451594,0.10497202380277328,0.06234967586185292
0.1454615141527455,0.09948547981167591,0.1048675541158942,0.06316765614777174
0.14226609709559232,0.10112933589283082,0.10528017632652288,0.06178534974700212
0.14848516833288014,0.10026334197572224,0.10264506788412923,0.06270027092931398
0.14734120640036724,0.10118376064353782,0.10397754415016734,0.06268633473493246
0.1502073183189238,0.10007888538938296,0.10309434274420384,0.0628591485672034
0.1523604708772505,0.09972861294650787,0.1058566263480793,0.061307066846428886
0.15797473112440522,0.09972532858862575,0.10557545574359957,0.06286421689343628
0.1564260849997831,0.10072575216119015,0.10442341925201094,0.06299819565868534
0.15855086181175426,0.1023182506401595,0.10426918335566003,0.06360781747049159
0.16185369038067607,0.1010044903956162,0.1045672784510348,0.06355827788337251
0.16324842971583983,0.10213356231318503,0.10459622420139028,0.06308433947279427
0.16117788570347902,0.10116742726709893,0.1076786338304575,0.06486823972785623
0.16386026151185765,0.10219494430070893,0.10488197375130175,0.06330607152087586
0.1641407356615524,0.10162436313030761,0.10564900892075373,0.0639016230751663
0.16522868178726188,0.10338824969879919,0.10429441991492461,0.06424628249520065
0.16665703036921176,0.10208670894185064,0.10538059440776738,0.0637676285368897
0.1676587770662298,0.10279294124370239,0.10575382630119702,0.06528250432614965
0.16649171030297388,0.10103410745456519,0.10489182136588689,0.06481384626735825
0.16421813585161088,0.1000345762977888,0.10635595727761328,0.06312559753739465
0.1702835500051128,0.10184506342164737,0.10627243237459327,0.06451824778211974
0.1736250683382695,0.10353858566111054,0.104766751019303,0.06513841445037924
0.17298654888097514,0.1016475355548525,0.1058536848101691,0.06488703073660021
0.173294136130417,0.10286692684566734,0.10626656212827484,0.06573763288218648
0.1684884876155768,0.10208412752135795,0.10812337449103282,0.06469622752115266
0.16292540036465886,0.10207626471594353,0.10458972673020998,0.06374877641288988
0.16105745377960237,0.10135457610614457,0.1056107305912407,0.06451326890829805
0.1632516828791992,0.10210787082863029,0.10521112795380773,0.06473797245917576
0.16558045303048682,0.10367823878358286,0.10678196585763851,0.06595632432716365
0.17137651092286174,0.10304889639791454,0.10662278880144185,0.06487256626275567
0.1615881583228061,0.10167463905302294,0.1050786268575376,0.06527714092201897
0.1604859989512325,0.10085834405940963,0.10605886047269047,0.06470046858227245
0.16264127827950267,0.10152703347084768,0.10557206837555921,0.06483377897735389
0.159670972878849,0.10162282727535925,0.10633870768423474,0.06479778604375211
0.16523961989311728,0.10420530202779091,0.1081128176843812,0.06531158903371878
0.16352310019344363,0.10167927661509375,0.10451414681642685,0.06421928337673877
0.16181308058026397,0.10227194355957614,0.1059349181562228,0.0648616357110224
0.16014388473606908,0.10125439202472589,0.10437983404786279,0.06362880636944244
0.15362154742738524,0.10282437288968142,0.10591788811828483,0.06507993469872742
0.1511838291462169,0.10032553458928091,0.10775322623324034,0.0636869817201679
0.14981626670535897,0.10109741903117817,0.10579487403033168,0.06368231777861301
0.149335195075646,0.10156423796589896,0.10556164196291308,0.06542790865119219
0.1498185816975818,0.10211447959696691,0.10704538729625976,0.06412816527884803
0.149862981364958,0.10122671245502901,0.10635503057823299,0.06471583052625629
0.16718367533592543,0.10372376786219853,0.10760341909428923,0.06747466755545187
0.16999917035068693,0.10334955263230158,0.10739963701637915,0.06627456281094013
0.16036722810961876,0.10487106271475403,0.10904663141182136,0.06704971518687179
0.1594284300757122,0.10464218515523509,0.1078707220508941,0.06839067961786716
0.15939881317194618,0.10395255382753049,0.10823523214977471,0.06743122509036523
0.15437217640383338,0.10496034430656716,0.11001673501073314,0.06729447733423226
0.150218535631478,0.10534650137314717,0.10835955884988008,0.06703389964168782
0.1537879396152174,0.10551740775741106,0.1095294258050662,0.0670020208708756
0.15559491551581947,0.10551403958160319,0.11024427998554506,0.06827930238927185
0.15190021604581616,0.10556999191701862,0.10917646691359074,0.0677733588796374
0.1502383227185436,0.10690322658140691,0.10902874320885812,0.06812220751157438
0.15197789499268058,0.10715204861988174,0.10844385675712283,0.06838898680069036
0.15546296424535694,0.10667604448420871,0.109120043245458,0.06826972335488936
0.15592530873561505,0.10808725022919852,0.11131765104238299,0.06809130832588876
0.15534268396963735,0.10701456462096935,0.10825913960767354,0.06959945355781808
0.154439128886594,0.10896717897490969,0.1130998336129689,0.06961460803842646
0.1553537588243663,0.10708662550163828,0.11067331880852652,0.0684153064042735
0.1636656377093154,0.10867178086803975,0.11222279280346474,0.07143642209926075
0.1562463933958757,0.10909824561955901,0.10976504270308182,0.06939969225548662
0.145387459832554,0.10763862042697257,0.11142897099126364,0.06764047593249918
0.13575110964383036,0.11023950887230154,0.11367834732432834,0.0697778187831966
0.1319658662069476,0.11090082470352453,0.11415581991603899,0.06861107234293073
0.12557964588633583,0.1083268410514564,0.11267077727935658,0.06915510194483122
0.12250529265511603,0.1118254106227091,0.114929588031447,0.06846591091215576
0.12193231444797815,0.1105492387114787,0.11515776839229629,0.06870904213204493
0.11888064914120539,0.1113497878046502,0.11316568695977648,0.06782830173036179
0.12123167830323371,0.11299711780754632,0.11599147265431034,0.06794772411855032
0.12019822474738083,0.11095231481185679,0.1151195631435395,0.06777017580407789
0.12071113848803731,0.11053585589958186,0.11622365145788152,0.06756706665302076
0.12601823908478982,0.1152111949143561,0.11711971935634655,0.06909878854310689
0.12889697940148995,0.11300998663869545,0.11673739915437607,0.06892591874897733
0.14386658265043908,0.11603629024704674,0.11935319929369563,0.06956865321224513
0.1530643899497957,0.1148828390109626,0.11891001657142103,0.06838030465311723
0.16624198964489614,0.1175902086813965,0.11913526955176572,0.07001354430907458
0.17545500989725793,0.1190700998230664,0.12167161876337472,0.07182240195005316
0.18285186194832348,0.11794790399426616,0.12282190147698363,0.06992098986869931
0.18304781036359397,0.1193797303545759,0.12433940955920311,0.07171452159376004
0.18434091303017047,0.11644586280690161,0.12050231414725507,0.07141366755784567
0.1736957100996776,0.11746041387686747,0.12244059066415638,0.07086054746824921
0.16510211595072383,0.11688586868748559,0.12248585855875363,0.06975803185162623
0.17317741069831213,0.12060983348630305,0.12704489490831825,0.07126679558071732
0.17769195249213945,0.11871828482733295,0.12437756278766682,0.07010025465806098
0.1765543943106221,0.11935326904626975,0.12393202837140203,0.07212591968921869
0.19303768417012682,0.12199432559965905,0.12648120884703093,0.07341580829905181
0.17691763882590783,0.12301562361075828,0.12941833324714372,0.07363864043580907
0.17101502598113455,0.12082427819429288,0.12784219398344193,0.07574778771521978
0.17515580745372283,0.12112257136851858,0.12685690892417675,0.07549867516169985
0.16993852734495457,0.1234174574313866,0.12940773174411274,0.0769631735190604
0.17552127358377032,0.12582173882496417,0.1294307249026603,0.07766078426148795
0.16959605990457519,0.12586788204489957,0.1330782159944505,0.0795259916606475
0.18459811645737173,0.12801402224982278,0.13433679362368953,0.08292028422018494
0.17965330544203745,0.1276723230395394,0.13491285580740398,0.0842070446410958
0.17156891922189388,0.129627746023228,0.1337111372058836,0.08215667999839925
0.1692448004821252,0.13041202771468685,0.13780149775384565,0.0823701342336643
0.1579695922949849,0.13071375759950155,0.13785713562870075,0.08105283168056192
0.1509290111484535,0.1286565720256475,0.1380123161680236,0.07899702266442546
0.1583352741280449,0.12905296953310488,0.13856585383711736,0.0809062753476206
0.1705056983331129,0.13071961865447695,0.13958859089134487,0.08242731824443127
0.1677026281379484,0.12647575827659868,0.1378480961327427,0.07707262358737133
0.17962051482417907,0.12685672686298752,0.1369988507521938,0.08004548237125488
0.19204555988179603,0.13022061133778898,0.14158237167370097,0.08059037834649524
0.19999621285476882,0.12996715799848485,0.14282382306041855,0.08098863159274655
0.22445728524686076,0.1301809246569222,0.14342471263125953,0.0824191815318194
0.26592951772685464,0.13365761083303018,0.14185050432117566,0.08918987410338758
0.2011581127574153,0.13302817066115405,0.1437263917434573,0.08456276272594072
0.19690958785954438,0.1308814257540843,0.1465399342969349,0.08850099421228273
0.19559759904444923,0.1340497999884861,0.14881775045861464,0.08980250248809885
0.16647280153930175,0.13041200000802744,0.14505850281276603,0.08470963185208413
0.16240046470838684,0.13219226480035387,0.14661370174394514,0.08533190398608614
0.17006932323917578,0.1330387567253078,0.14636688104618303,0.08844842164230872
0.16308295465086547,0.13392758599711868,0.14812738641933124,0.08715754861886606
0.19798816462121702,0.13530528163483216,0.15035234675198164,0.08862409946430697
0.18847632684570761,0.13394255961920298,0.15039000844029457,0.08666092863992617
0.21543727935965637,0.1356931627747991,0.1505584610552077,0.08968323160574668
0.18385103886621773,0.1389291936549312,0.15649009116494406,0.08900262296433319
0.16387582177044147,0.13632821597418168,0.15566464887750284,0.08695627240485228
0.1583213382414958,0.12885858436916417,0.15023557039306012,0.0849731181641987
0.16120348893169156,0.12696804969964393,0.14824818947829935,0.08395177448662491
0.18293621668494187,0.13576413244374644,0.15130328719759156,0.09242641525196206
0.21442471646991426,0.14294694796196464,0.15408566350968136,0.0995241821960717
0.23728752594838,0.14393329601302082,0.15239768596504344,0.10138030412487983
0.198759839575617,0.13207541569000456,0.1443372505437569,0.09233229915255482
0.2361434556379342,0.1364428976042382,0.14443579466080034,0.09543659416523295
0.20298839432938495,0.12184771409299192,0.13519089927967368,0.08991959298798567
0.2210419021583139,0.12189188484799501,0.1266342157924745,0.094004500910362
0.20722116595824314,0.12071105030615725,0.1216560988873323,0.08916761368388258
0.2615312065920325,0.13503415149625111,0.12738028731972717,0.09953380000658069
0.201622636741226,0.1277052908402536,0.1221400119515765,0.0910845637520774
0.22289943638384188,0.15857807357866938,0.14862841653321843,0.1017911100151924
0.25924244834032173,0.1723265134739682,0.16392207919275245,0.11069233164567566
0.2316656449388253,0.1778901828057745,0.18336271061090403,0.106301931242746
0.23457642022127487,0.13942110854462642,0.1649013613781736,0.09584180691704951
0.24749721490699397,0.14020749725016937,0.15023669752494936,0.09154305334231742
0.2971881006007338,0.17051667062471487,0.1644325549783824,0.1086640233504315
0.29165111235496877,0.1767922396376429,0.1639180788450915,0.11001347906584846
0.3437355161721363,0.1753833381002971,0.1610617431528104,0.11697331572541181
0.3148111378891517,0.14647182746260243,0.15001939653237345,0.10939108140706101
0.3257155681690027,0.14836215884039047,0.15610522261392715,0.11879107328329379
0.35309010723627615,0.18421984957793128,0.18384502166821787,0.13417685445517186
0.429678447916015,0.1909521630263798,0.1873818371157124,0.14244427621414585
0.41556983063121816,0.16281259701892503,0.15539940020471243,0.12783392145518097
0.371681086587619,0.13659868656716653,0.12074348374627718,0.11741531668311794
0.4476727901067398,0.19085699804086798,0.16521276011106295,0.1299100297140775
0.6721374879698163,0.19107464745077382,0.176178534380788,0.12464481608065876
0.530956128967989,0.17107461065894428,0.1604263480066963,0.14689424292161904
0.4459182473835416,0.17319634233449296,0.14947759862345386,0.1464202701398017
0.38697483181595205,0.1767019242100415,0.1394090273414777,0.143398986182892
0.7250014697250727,0.21829447570884608,0.17057677932967422,0.14835112421106725
0.46201166565273954,0.17081688529176867,0.17787780654848429,0.11662979918783087
0.4838353953514789,0.19364109313164588,0.18740544816507637,0.1305823384655851
0.002103011233921493,0.004017825272691062,0.003950171821816743,0.0021536669310736048
0.001532732063383878,0.0012386989141837494,0.0011971034377300067,0.002124103671257597
